source,target,Label
boot-0,peer-2,A
boot-0,peer-4,A
boot-0,peer-1,B
boot-0,peer-3,B
peer-1,boot-0,B
peer-1,peer-5,B
peer-2,boot-0,A
peer-2,peer-5,A
peer-3,boot-0,B
peer-3,peer-6,B
peer-4,boot-0,A
peer-4,peer-7,A
peer-5,peer-2,A
peer-5,peer-6,A
peer-5,peer-1,B
peer-5,peer-7,B
peer-6,peer-5,A
peer-6,peer-10,A
peer-6,peer-3,B
peer-6,peer-9,B
peer-7,peer-4,A
peer-7,peer-8,A
peer-7,peer-5,B
peer-7,peer-11,B
peer-8,peer-7,A
peer-8,peer-12,A
peer-9,peer-6,B
peer-9,peer-13,B
peer-10,peer-6,A
peer-10,peer-13,A
peer-11,peer-7,B
peer-11,peer-12,B
peer-12,peer-8,A
peer-12,peer-16,A
peer-12,peer-11,B
peer-12,peer-15,B
peer-13,peer-10,A
peer-13,peer-14,A
peer-13,peer-9,B
peer-13,peer-17,B
peer-14,peer-13,A
peer-14,peer-18,A
peer-15,peer-12,B
peer-15,peer-19,B
peer-16,peer-12,A
peer-16,peer-19,A
peer-17,peer-13,B
peer-17,peer-18,B
peer-18,peer-14,A
peer-18,peer-24,A
peer-18,peer-17,B
peer-18,peer-21,B
peer-19,peer-16,A
peer-19,peer-20,A
peer-19,peer-15,B
peer-19,peer-23,B
peer-20,peer-19,A
peer-20,peer-22,A
peer-21,peer-18,B
peer-21,peer-25,B
peer-22,peer-20,A
peer-22,peer-26,A
peer-23,peer-19,B
peer-23,peer-26,B
peer-24,peer-18,A
peer-24,peer-25,A
peer-25,peer-24,A
peer-25,peer-30,A
peer-25,peer-21,B
peer-25,peer-27,B
peer-26,peer-22,A
peer-26,peer-28,A
peer-26,peer-23,B
peer-26,peer-29,B
peer-27,peer-25,B
peer-27,peer-31,B
peer-28,peer-26,A
peer-28,peer-32,A
peer-29,peer-26,B
peer-29,peer-32,B
peer-30,peer-25,A
peer-30,peer-31,A
peer-31,peer-30,A
peer-31,peer-34,A
peer-31,peer-27,B
peer-31,peer-35,B
peer-32,peer-28,A
peer-32,peer-36,A
peer-32,peer-29,B
peer-32,peer-33,B
peer-33,peer-32,B
peer-33,peer-37,B
peer-34,peer-31,A
peer-34,peer-38,A
peer-35,peer-31,B
peer-35,peer-38,B
peer-36,peer-32,A
peer-36,peer-37,A
peer-37,peer-36,A
peer-37,peer-40,A
peer-37,peer-33,B
peer-37,peer-43,B
peer-38,peer-34,A
peer-38,peer-44,A
peer-38,peer-35,B
peer-38,peer-39,B
peer-39,peer-38,B
peer-39,peer-41,B
peer-40,peer-37,A
peer-40,peer-42,A
peer-41,peer-39,B
peer-41,peer-45,B
peer-42,peer-40,A
peer-42,peer-46,A
peer-43,peer-37,B
peer-43,peer-46,B
peer-44,peer-38,A
peer-44,peer-45,A
peer-45,peer-44,A
peer-45,peer-50,A
peer-45,peer-41,B
peer-45,peer-47,B
peer-46,peer-42,A
peer-46,peer-48,A
peer-46,peer-43,B
peer-46,peer-49,B
peer-47,peer-45,B
peer-47,peer-51,B
peer-48,peer-46,A
peer-48,peer-52,A
peer-49,peer-46,B
peer-49,peer-52,B
peer-50,peer-45,A
peer-50,peer-51,A
peer-51,peer-50,A
peer-51,peer-54,A
peer-51,peer-47,B
peer-51,peer-55,B
peer-52,peer-48,A
peer-52,peer-56,A
peer-52,peer-49,B
peer-52,peer-53,B
peer-53,peer-52,B
peer-53,peer-57,B
peer-54,peer-51,A
peer-54,peer-58,A
peer-55,peer-51,B
peer-55,peer-58,B
peer-56,peer-52,A
peer-56,peer-57,A
peer-57,peer-56,A
peer-57,peer-60,A
peer-57,peer-53,B
peer-57,peer-63,B
peer-58,peer-54,A
peer-58,peer-64,A
peer-58,peer-55,B
peer-58,peer-59,B
peer-59,peer-58,B
peer-59,peer-61,B
peer-60,peer-57,A
peer-60,peer-62,A
peer-61,peer-59,B
peer-61,peer-65,B
peer-62,peer-60,A
peer-62,peer-66,A
peer-63,peer-57,B
peer-63,peer-66,B
peer-64,peer-58,A
peer-64,peer-65,A
peer-65,peer-64,A
peer-65,peer-70,A
peer-65,peer-61,B
peer-65,peer-67,B
peer-66,peer-62,A
peer-66,peer-68,A
peer-66,peer-63,B
peer-66,peer-69,B
peer-67,peer-65,B
peer-67,peer-71,B
peer-68,peer-66,A
peer-68,peer-72,A
peer-69,peer-66,B
peer-69,peer-72,B
peer-70,peer-65,A
peer-70,peer-71,A
peer-71,peer-70,A
peer-71,peer-74,A
peer-71,peer-67,B
peer-71,peer-75,B
peer-72,peer-68,A
peer-72,peer-76,A
peer-72,peer-69,B
peer-72,peer-73,B
peer-73,peer-72,B
peer-73,peer-77,B
peer-74,peer-71,A
peer-74,peer-78,A
peer-75,peer-71,B
peer-75,peer-78,B
peer-76,peer-72,A
peer-76,peer-77,A
peer-77,peer-76,A
peer-77,peer-80,A
peer-77,peer-73,B
peer-77,peer-83,B
peer-78,peer-74,A
peer-78,peer-84,A
peer-78,peer-75,B
peer-78,peer-79,B
peer-79,peer-78,B
peer-79,peer-81,B
peer-80,peer-77,A
peer-80,peer-82,A
peer-81,peer-79,B
peer-81,peer-85,B
peer-82,peer-80,A
peer-82,peer-86,A
peer-83,peer-77,B
peer-83,peer-86,B
peer-84,peer-78,A
peer-84,peer-85,A
peer-85,peer-84,A
peer-85,peer-90,A
peer-85,peer-81,B
peer-85,peer-87,B
peer-86,peer-82,A
peer-86,peer-88,A
peer-86,peer-83,B
peer-86,peer-89,B
peer-87,peer-85,B
peer-87,peer-91,B
peer-88,peer-86,A
peer-88,peer-92,A
peer-89,peer-86,B
peer-89,peer-92,B
peer-90,peer-85,A
peer-90,peer-91,A
peer-91,peer-90,A
peer-91,peer-94,A
peer-91,peer-87,B
peer-91,peer-95,B
peer-92,peer-88,A
peer-92,peer-96,A
peer-92,peer-89,B
peer-92,peer-93,B
peer-93,peer-92,B
peer-93,peer-97,B
peer-94,peer-91,A
peer-94,peer-98,A
peer-95,peer-91,B
peer-95,peer-98,B
peer-96,peer-92,A
peer-96,peer-97,A
peer-97,peer-96,A
peer-97,peer-100,A
peer-97,peer-93,B
peer-97,peer-103,B
peer-98,peer-94,A
peer-98,peer-104,A
peer-98,peer-95,B
peer-98,peer-99,B
peer-99,peer-98,B
peer-99,peer-101,B
peer-100,peer-97,A
peer-100,peer-102,A
peer-101,peer-99,B
peer-101,peer-105,B
peer-102,peer-100,A
peer-102,peer-106,A
peer-103,peer-97,B
peer-103,peer-106,B
peer-104,peer-98,A
peer-104,peer-105,A
peer-105,peer-104,A
peer-105,peer-110,A
peer-105,peer-101,B
peer-105,peer-107,B
peer-106,peer-102,A
peer-106,peer-108,A
peer-106,peer-103,B
peer-106,peer-109,B
peer-107,peer-105,B
peer-107,peer-111,B
peer-108,peer-106,A
peer-108,peer-112,A
peer-109,peer-106,B
peer-109,peer-112,B
peer-110,peer-105,A
peer-110,peer-111,A
peer-111,peer-110,A
peer-111,peer-114,A
peer-111,peer-107,B
peer-111,peer-115,B
peer-112,peer-108,A
peer-112,peer-116,A
peer-112,peer-109,B
peer-112,peer-113,B
peer-113,peer-112,B
peer-113,peer-117,B
peer-114,peer-111,A
peer-114,peer-118,A
peer-115,peer-111,B
peer-115,peer-118,B
peer-116,peer-112,A
peer-116,peer-117,A
peer-117,peer-116,A
peer-117,peer-120,A
peer-117,peer-113,B
peer-117,peer-123,B
peer-118,peer-114,A
peer-118,peer-124,A
peer-118,peer-115,B
peer-118,peer-119,B
peer-119,peer-118,B
peer-119,peer-121,B
peer-120,peer-117,A
peer-120,peer-122,A
peer-121,peer-119,B
peer-121,peer-125,B
peer-122,peer-120,A
peer-122,peer-126,A
peer-123,peer-117,B
peer-123,peer-126,B
peer-124,peer-118,A
peer-124,peer-125,A
peer-125,peer-124,A
peer-125,peer-130,A
peer-125,peer-121,B
peer-125,peer-127,B
peer-126,peer-122,A
peer-126,peer-128,A
peer-126,peer-123,B
peer-126,peer-129,B
peer-127,peer-125,B
peer-127,peer-131,B
peer-128,peer-126,A
peer-128,peer-132,A
peer-129,peer-126,B
peer-129,peer-132,B
peer-130,peer-125,A
peer-130,peer-131,A
peer-131,peer-130,A
peer-131,peer-134,A
peer-131,peer-127,B
peer-131,peer-135,B
peer-132,peer-128,A
peer-132,peer-136,A
peer-132,peer-129,B
peer-132,peer-133,B
peer-133,peer-132,B
peer-133,peer-137,B
peer-134,peer-131,A
peer-134,peer-138,A
peer-135,peer-131,B
peer-135,peer-138,B
peer-136,peer-132,A
peer-136,peer-137,A
peer-137,peer-136,A
peer-137,peer-140,A
peer-137,peer-133,B
peer-137,peer-143,B
peer-138,peer-134,A
peer-138,peer-144,A
peer-138,peer-135,B
peer-138,peer-139,B
peer-139,peer-138,B
peer-139,peer-141,B
peer-140,peer-137,A
peer-140,peer-142,A
peer-141,peer-139,B
peer-141,peer-145,B
peer-142,peer-140,A
peer-142,peer-146,A
peer-143,peer-137,B
peer-143,peer-146,B
peer-144,peer-138,A
peer-144,peer-145,A
peer-145,peer-144,A
peer-145,peer-150,A
peer-145,peer-141,B
peer-145,peer-147,B
peer-146,peer-142,A
peer-146,peer-148,A
peer-146,peer-143,B
peer-146,peer-149,B
peer-147,peer-145,B
peer-147,peer-151,B
peer-148,peer-146,A
peer-148,peer-152,A
peer-149,peer-146,B
peer-149,peer-152,B
peer-150,peer-145,A
peer-150,peer-151,A
peer-151,peer-150,A
peer-151,peer-154,A
peer-151,peer-147,B
peer-151,peer-155,B
peer-152,peer-148,A
peer-152,peer-156,A
peer-152,peer-149,B
peer-152,peer-153,B
peer-153,peer-152,B
peer-153,peer-157,B
peer-154,peer-151,A
peer-154,peer-158,A
peer-155,peer-151,B
peer-155,peer-158,B
peer-156,peer-152,A
peer-156,peer-157,A
peer-157,peer-156,A
peer-157,peer-160,A
peer-157,peer-153,B
peer-157,peer-163,B
peer-158,peer-154,A
peer-158,peer-164,A
peer-158,peer-155,B
peer-158,peer-159,B
peer-159,peer-158,B
peer-159,peer-161,B
peer-160,peer-157,A
peer-160,peer-162,A
peer-161,peer-159,B
peer-161,peer-165,B
peer-162,peer-160,A
peer-162,peer-166,A
peer-163,peer-157,B
peer-163,peer-166,B
peer-164,peer-158,A
peer-164,peer-165,A
peer-165,peer-164,A
peer-165,peer-170,A
peer-165,peer-161,B
peer-165,peer-167,B
peer-166,peer-162,A
peer-166,peer-168,A
peer-166,peer-163,B
peer-166,peer-169,B
peer-167,peer-165,B
peer-167,peer-171,B
peer-168,peer-166,A
peer-168,peer-172,A
peer-169,peer-166,B
peer-169,peer-172,B
peer-170,peer-165,A
peer-170,peer-171,A
peer-171,peer-170,A
peer-171,peer-174,A
peer-171,peer-167,B
peer-171,peer-175,B
peer-172,peer-168,A
peer-172,peer-176,A
peer-172,peer-169,B
peer-172,peer-173,B
peer-173,peer-172,B
peer-173,peer-177,B
peer-174,peer-171,A
peer-174,peer-178,A
peer-175,peer-171,B
peer-175,peer-178,B
peer-176,peer-172,A
peer-176,peer-177,A
peer-177,peer-176,A
peer-177,peer-180,A
peer-177,peer-173,B
peer-177,peer-183,B
peer-178,peer-174,A
peer-178,peer-184,A
peer-178,peer-175,B
peer-178,peer-179,B
peer-179,peer-178,B
peer-179,peer-181,B
peer-180,peer-177,A
peer-180,peer-182,A
peer-181,peer-179,B
peer-181,peer-185,B
peer-182,peer-180,A
peer-182,peer-186,A
peer-183,peer-177,B
peer-183,peer-186,B
peer-184,peer-178,A
peer-184,peer-185,A
peer-185,peer-184,A
peer-185,peer-190,A
peer-185,peer-181,B
peer-185,peer-187,B
peer-186,peer-182,A
peer-186,peer-188,A
peer-186,peer-183,B
peer-186,peer-189,B
peer-187,peer-185,B
peer-187,peer-191,B
peer-188,peer-186,A
peer-188,peer-192,A
peer-189,peer-186,B
peer-189,peer-192,B
peer-190,peer-185,A
peer-190,peer-191,A
peer-191,peer-190,A
peer-191,peer-194,A
peer-191,peer-187,B
peer-191,peer-195,B
peer-192,peer-188,A
peer-192,peer-196,A
peer-192,peer-189,B
peer-192,peer-193,B
peer-193,peer-192,B
peer-193,peer-197,B
peer-194,peer-191,A
peer-194,peer-198,A
peer-195,peer-191,B
peer-195,peer-198,B
peer-196,peer-192,A
peer-196,peer-197,A
peer-197,peer-196,A
peer-197,peer-200,A
peer-197,peer-193,B
peer-197,peer-203,B
peer-198,peer-194,A
peer-198,peer-204,A
peer-198,peer-195,B
peer-198,peer-199,B
peer-199,peer-198,B
peer-199,peer-201,B
peer-200,peer-197,A
peer-200,peer-202,A
peer-201,peer-199,B
peer-201,peer-205,B
peer-202,peer-200,A
peer-202,peer-206,A
peer-203,peer-197,B
peer-203,peer-206,B
peer-204,peer-198,A
peer-204,peer-205,A
peer-205,peer-204,A
peer-205,peer-210,A
peer-205,peer-201,B
peer-205,peer-207,B
peer-206,peer-202,A
peer-206,peer-208,A
peer-206,peer-203,B
peer-206,peer-209,B
peer-207,peer-205,B
peer-207,peer-211,B
peer-208,peer-206,A
peer-208,peer-212,A
peer-209,peer-206,B
peer-209,peer-212,B
peer-210,peer-205,A
peer-210,peer-211,A
peer-211,peer-210,A
peer-211,peer-214,A
peer-211,peer-207,B
peer-211,peer-215,B
peer-212,peer-208,A
peer-212,peer-216,A
peer-212,peer-209,B
peer-212,peer-213,B
peer-213,peer-212,B
peer-213,peer-217,B
peer-214,peer-211,A
peer-214,peer-218,A
peer-215,peer-211,B
peer-215,peer-218,B
peer-216,peer-212,A
peer-216,peer-217,A
peer-217,peer-216,A
peer-217,peer-220,A
peer-217,peer-213,B
peer-217,peer-223,B
peer-218,peer-214,A
peer-218,peer-224,A
peer-218,peer-215,B
peer-218,peer-219,B
peer-219,peer-218,B
peer-219,peer-221,B
peer-220,peer-217,A
peer-220,peer-222,A
peer-221,peer-219,B
peer-221,peer-225,B
peer-222,peer-220,A
peer-222,peer-226,A
peer-223,peer-217,B
peer-223,peer-226,B
peer-224,peer-218,A
peer-224,peer-225,A
peer-225,peer-224,A
peer-225,peer-230,A
peer-225,peer-221,B
peer-225,peer-227,B
peer-226,peer-222,A
peer-226,peer-228,A
peer-226,peer-223,B
peer-226,peer-229,B
peer-227,peer-225,B
peer-227,peer-231,B
peer-228,peer-226,A
peer-228,peer-232,A
peer-229,peer-226,B
peer-229,peer-232,B
peer-230,peer-225,A
peer-230,peer-231,A
peer-231,peer-230,A
peer-231,peer-234,A
peer-231,peer-227,B
peer-231,peer-235,B
peer-232,peer-228,A
peer-232,peer-236,A
peer-232,peer-229,B
peer-232,peer-233,B
peer-233,peer-232,B
peer-233,peer-237,B
peer-234,peer-231,A
peer-234,peer-238,A
peer-235,peer-231,B
peer-235,peer-238,B
peer-236,peer-232,A
peer-236,peer-237,A
peer-237,peer-236,A
peer-237,peer-240,A
peer-237,peer-233,B
peer-237,peer-243,B
peer-238,peer-234,A
peer-238,peer-244,A
peer-238,peer-235,B
peer-238,peer-239,B
peer-239,peer-238,B
peer-239,peer-241,B
peer-240,peer-237,A
peer-240,peer-242,A
peer-241,peer-239,B
peer-241,peer-245,B
peer-242,peer-240,A
peer-242,peer-246,A
peer-243,peer-237,B
peer-243,peer-246,B
peer-244,peer-238,A
peer-244,peer-245,A
peer-245,peer-244,A
peer-245,peer-250,A
peer-245,peer-241,B
peer-245,peer-247,B
peer-246,peer-242,A
peer-246,peer-248,A
peer-246,peer-243,B
peer-246,peer-249,B
peer-247,peer-245,B
peer-247,peer-251,B
peer-248,peer-246,A
peer-248,peer-252,A
peer-249,peer-246,B
peer-249,peer-252,B
peer-250,peer-245,A
peer-250,peer-251,A
peer-251,peer-250,A
peer-251,peer-254,A
peer-251,peer-247,B
peer-251,peer-255,B
peer-252,peer-248,A
peer-252,peer-256,A
peer-252,peer-249,B
peer-252,peer-253,B
peer-253,peer-252,B
peer-253,peer-257,B
peer-254,peer-251,A
peer-254,peer-258,A
peer-255,peer-251,B
peer-255,peer-258,B
peer-256,peer-252,A
peer-256,peer-257,A
peer-257,peer-256,A
peer-257,peer-260,A
peer-257,peer-253,B
peer-257,peer-263,B
peer-258,peer-254,A
peer-258,peer-264,A
peer-258,peer-255,B
peer-258,peer-259,B
peer-259,peer-258,B
peer-259,peer-261,B
peer-260,peer-257,A
peer-260,peer-262,A
peer-261,peer-259,B
peer-261,peer-265,B
peer-262,peer-260,A
peer-262,peer-266,A
peer-263,peer-257,B
peer-263,peer-266,B
peer-264,peer-258,A
peer-264,peer-265,A
peer-265,peer-264,A
peer-265,peer-270,A
peer-265,peer-261,B
peer-265,peer-267,B
peer-266,peer-262,A
peer-266,peer-268,A
peer-266,peer-263,B
peer-266,peer-269,B
peer-267,peer-265,B
peer-267,peer-271,B
peer-268,peer-266,A
peer-268,peer-272,A
peer-269,peer-266,B
peer-269,peer-272,B
peer-270,peer-265,A
peer-270,peer-271,A
peer-271,peer-270,A
peer-271,peer-274,A
peer-271,peer-267,B
peer-271,peer-275,B
peer-272,peer-268,A
peer-272,peer-276,A
peer-272,peer-269,B
peer-272,peer-273,B
peer-273,peer-272,B
peer-273,peer-277,B
peer-274,peer-271,A
peer-274,peer-278,A
peer-275,peer-271,B
peer-275,peer-278,B
peer-276,peer-272,A
peer-276,peer-277,A
peer-277,peer-276,A
peer-277,peer-280,A
peer-277,peer-273,B
peer-277,peer-283,B
peer-278,peer-274,A
peer-278,peer-284,A
peer-278,peer-275,B
peer-278,peer-279,B
peer-279,peer-278,B
peer-279,peer-281,B
peer-280,peer-277,A
peer-280,peer-282,A
peer-281,peer-279,B
peer-281,peer-285,B
peer-282,peer-280,A
peer-282,peer-286,A
peer-283,peer-277,B
peer-283,peer-286,B
peer-284,peer-278,A
peer-284,peer-285,A
peer-285,peer-284,A
peer-285,peer-290,A
peer-285,peer-281,B
peer-285,peer-287,B
peer-286,peer-282,A
peer-286,peer-288,A
peer-286,peer-283,B
peer-286,peer-289,B
peer-287,peer-285,B
peer-287,peer-291,B
peer-288,peer-286,A
peer-288,peer-292,A
peer-289,peer-286,B
peer-289,peer-292,B
peer-290,peer-285,A
peer-290,peer-291,A
peer-291,peer-290,A
peer-291,peer-294,A
peer-291,peer-287,B
peer-291,peer-295,B
peer-292,peer-288,A
peer-292,peer-296,A
peer-292,peer-289,B
peer-292,peer-293,B
peer-293,peer-292,B
peer-293,peer-297,B
peer-294,peer-291,A
peer-294,peer-298,A
peer-295,peer-291,B
peer-295,peer-298,B
peer-296,peer-292,A
peer-296,peer-297,A
peer-297,peer-296,A
peer-297,peer-300,A
peer-297,peer-293,B
peer-297,peer-303,B
peer-298,peer-294,A
peer-298,peer-304,A
peer-298,peer-295,B
peer-298,peer-299,B
peer-299,peer-298,B
peer-299,peer-301,B
peer-300,peer-297,A
peer-300,peer-302,A
peer-301,peer-299,B
peer-301,peer-305,B
peer-302,peer-300,A
peer-302,peer-306,A
peer-303,peer-297,B
peer-303,peer-306,B
peer-304,peer-298,A
peer-304,peer-305,A
peer-305,peer-304,A
peer-305,peer-310,A
peer-305,peer-301,B
peer-305,peer-307,B
peer-306,peer-302,A
peer-306,peer-308,A
peer-306,peer-303,B
peer-306,peer-309,B
peer-307,peer-305,B
peer-307,peer-311,B
peer-308,peer-306,A
peer-308,peer-312,A
peer-309,peer-306,B
peer-309,peer-312,B
peer-310,peer-305,A
peer-310,peer-311,A
peer-311,peer-310,A
peer-311,peer-314,A
peer-311,peer-307,B
peer-311,peer-315,B
peer-312,peer-308,A
peer-312,peer-316,A
peer-312,peer-309,B
peer-312,peer-313,B
peer-313,peer-312,B
peer-313,peer-317,B
peer-314,peer-311,A
peer-314,peer-318,A
peer-315,peer-311,B
peer-315,peer-318,B
peer-316,peer-312,A
peer-316,peer-317,A
peer-317,peer-316,A
peer-317,peer-320,A
peer-317,peer-313,B
peer-317,peer-323,B
peer-318,peer-314,A
peer-318,peer-324,A
peer-318,peer-315,B
peer-318,peer-319,B
peer-319,peer-318,B
peer-319,peer-321,B
peer-320,peer-317,A
peer-320,peer-322,A
peer-321,peer-319,B
peer-321,peer-325,B
peer-322,peer-320,A
peer-322,peer-326,A
peer-323,peer-317,B
peer-323,peer-326,B
peer-324,peer-318,A
peer-324,peer-325,A
peer-325,peer-324,A
peer-325,peer-330,A
peer-325,peer-321,B
peer-325,peer-327,B
peer-326,peer-322,A
peer-326,peer-328,A
peer-326,peer-323,B
peer-326,peer-329,B
peer-327,peer-325,B
peer-327,peer-331,B
peer-328,peer-326,A
peer-328,peer-332,A
peer-329,peer-326,B
peer-329,peer-332,B
peer-330,peer-325,A
peer-330,peer-331,A
peer-331,peer-330,A
peer-331,peer-334,A
peer-331,peer-327,B
peer-331,peer-335,B
peer-332,peer-328,A
peer-332,peer-336,A
peer-332,peer-329,B
peer-332,peer-333,B
peer-333,peer-332,B
peer-333,peer-337,B
peer-334,peer-331,A
peer-334,peer-338,A
peer-335,peer-331,B
peer-335,peer-338,B
peer-336,peer-332,A
peer-336,peer-337,A
peer-337,peer-336,A
peer-337,peer-340,A
peer-337,peer-333,B
peer-337,peer-343,B
peer-338,peer-334,A
peer-338,peer-344,A
peer-338,peer-335,B
peer-338,peer-339,B
peer-339,peer-338,B
peer-339,peer-341,B
peer-340,peer-337,A
peer-340,peer-342,A
peer-341,peer-339,B
peer-341,peer-345,B
peer-342,peer-340,A
peer-342,peer-346,A
peer-343,peer-337,B
peer-343,peer-346,B
peer-344,peer-338,A
peer-344,peer-345,A
peer-345,peer-344,A
peer-345,peer-350,A
peer-345,peer-341,B
peer-345,peer-347,B
peer-346,peer-342,A
peer-346,peer-348,A
peer-346,peer-343,B
peer-346,peer-349,B
peer-347,peer-345,B
peer-347,peer-351,B
peer-348,peer-346,A
peer-348,peer-352,A
peer-349,peer-346,B
peer-349,peer-352,B
peer-350,peer-345,A
peer-350,peer-351,A
peer-351,peer-350,A
peer-351,peer-354,A
peer-351,peer-347,B
peer-351,peer-355,B
peer-352,peer-348,A
peer-352,peer-356,A
peer-352,peer-349,B
peer-352,peer-353,B
peer-353,peer-352,B
peer-353,peer-357,B
peer-354,peer-351,A
peer-354,peer-358,A
peer-355,peer-351,B
peer-355,peer-358,B
peer-356,peer-352,A
peer-356,peer-357,A
peer-357,peer-356,A
peer-357,peer-360,A
peer-357,peer-353,B
peer-357,peer-363,B
peer-358,peer-354,A
peer-358,peer-364,A
peer-358,peer-355,B
peer-358,peer-359,B
peer-359,peer-358,B
peer-359,peer-361,B
peer-360,peer-357,A
peer-360,peer-362,A
peer-361,peer-359,B
peer-361,peer-365,B
peer-362,peer-360,A
peer-362,peer-366,A
peer-363,peer-357,B
peer-363,peer-366,B
peer-364,peer-358,A
peer-364,peer-365,A
peer-365,peer-364,A
peer-365,peer-370,A
peer-365,peer-361,B
peer-365,peer-367,B
peer-366,peer-362,A
peer-366,peer-368,A
peer-366,peer-363,B
peer-366,peer-369,B
peer-367,peer-365,B
peer-367,peer-371,B
peer-368,peer-366,A
peer-368,peer-372,A
peer-369,peer-366,B
peer-369,peer-372,B
peer-370,peer-365,A
peer-370,peer-371,A
peer-371,peer-370,A
peer-371,peer-374,A
peer-371,peer-367,B
peer-371,peer-375,B
peer-372,peer-368,A
peer-372,peer-376,A
peer-372,peer-369,B
peer-372,peer-373,B
peer-373,peer-372,B
peer-373,peer-377,B
peer-374,peer-371,A
peer-374,peer-378,A
peer-375,peer-371,B
peer-375,peer-378,B
peer-376,peer-372,A
peer-376,peer-377,A
peer-377,peer-376,A
peer-377,peer-380,A
peer-377,peer-373,B
peer-377,peer-383,B
peer-378,peer-374,A
peer-378,peer-384,A
peer-378,peer-375,B
peer-378,peer-379,B
peer-379,peer-378,B
peer-379,peer-381,B
peer-380,peer-377,A
peer-380,peer-382,A
peer-381,peer-379,B
peer-381,peer-385,B
peer-382,peer-380,A
peer-382,peer-386,A
peer-383,peer-377,B
peer-383,peer-386,B
peer-384,peer-378,A
peer-384,peer-385,A
peer-385,peer-384,A
peer-385,peer-390,A
peer-385,peer-381,B
peer-385,peer-387,B
peer-386,peer-382,A
peer-386,peer-388,A
peer-386,peer-383,B
peer-386,peer-389,B
peer-387,peer-385,B
peer-387,peer-391,B
peer-388,peer-386,A
peer-388,peer-392,A
peer-389,peer-386,B
peer-389,peer-392,B
peer-390,peer-385,A
peer-390,peer-391,A
peer-391,peer-390,A
peer-391,peer-394,A
peer-391,peer-387,B
peer-391,peer-395,B
peer-392,peer-388,A
peer-392,peer-396,A
peer-392,peer-389,B
peer-392,peer-393,B
peer-393,peer-392,B
peer-393,peer-397,B
peer-394,peer-391,A
peer-394,peer-398,A
peer-395,peer-391,B
peer-395,peer-398,B
peer-396,peer-392,A
peer-396,peer-397,A
peer-397,peer-396,A
peer-397,peer-400,A
peer-397,peer-393,B
peer-397,peer-403,B
peer-398,peer-394,A
peer-398,peer-404,A
peer-398,peer-395,B
peer-398,peer-399,B
peer-399,peer-398,B
peer-399,peer-401,B
peer-400,peer-397,A
peer-400,peer-402,A
peer-401,peer-399,B
peer-401,peer-405,B
peer-402,peer-400,A
peer-402,peer-406,A
peer-403,peer-397,B
peer-403,peer-406,B
peer-404,peer-398,A
peer-404,peer-405,A
peer-405,peer-404,A
peer-405,peer-410,A
peer-405,peer-401,B
peer-405,peer-407,B
peer-406,peer-402,A
peer-406,peer-408,A
peer-406,peer-403,B
peer-406,peer-409,B
peer-407,peer-405,B
peer-407,peer-411,B
peer-408,peer-406,A
peer-408,peer-412,A
peer-409,peer-406,B
peer-409,peer-412,B
peer-410,peer-405,A
peer-410,peer-411,A
peer-411,peer-410,A
peer-411,peer-414,A
peer-411,peer-407,B
peer-411,peer-415,B
peer-412,peer-408,A
peer-412,peer-416,A
peer-412,peer-409,B
peer-412,peer-413,B
peer-413,peer-412,B
peer-413,peer-417,B
peer-414,peer-411,A
peer-414,peer-418,A
peer-415,peer-411,B
peer-415,peer-418,B
peer-416,peer-412,A
peer-416,peer-417,A
peer-417,peer-416,A
peer-417,peer-420,A
peer-417,peer-413,B
peer-417,peer-423,B
peer-418,peer-414,A
peer-418,peer-424,A
peer-418,peer-415,B
peer-418,peer-419,B
peer-419,peer-418,B
peer-419,peer-421,B
peer-420,peer-417,A
peer-420,peer-422,A
peer-421,peer-419,B
peer-421,peer-425,B
peer-422,peer-420,A
peer-422,peer-426,A
peer-423,peer-417,B
peer-423,peer-426,B
peer-424,peer-418,A
peer-424,peer-425,A
peer-425,peer-424,A
peer-425,peer-430,A
peer-425,peer-421,B
peer-425,peer-427,B
peer-426,peer-422,A
peer-426,peer-428,A
peer-426,peer-423,B
peer-426,peer-429,B
peer-427,peer-425,B
peer-427,peer-431,B
peer-428,peer-426,A
peer-428,peer-432,A
peer-429,peer-426,B
peer-429,peer-432,B
peer-430,peer-425,A
peer-430,peer-431,A
peer-431,peer-430,A
peer-431,peer-434,A
peer-431,peer-427,B
peer-431,peer-435,B
peer-432,peer-428,A
peer-432,peer-436,A
peer-432,peer-429,B
peer-432,peer-433,B
peer-433,peer-432,B
peer-433,peer-437,B
peer-434,peer-431,A
peer-434,peer-438,A
peer-435,peer-431,B
peer-435,peer-438,B
peer-436,peer-432,A
peer-436,peer-437,A
peer-437,peer-436,A
peer-437,peer-440,A
peer-437,peer-433,B
peer-437,peer-443,B
peer-438,peer-434,A
peer-438,peer-444,A
peer-438,peer-435,B
peer-438,peer-439,B
peer-439,peer-438,B
peer-439,peer-441,B
peer-440,peer-437,A
peer-440,peer-442,A
peer-441,peer-439,B
peer-441,peer-445,B
peer-442,peer-440,A
peer-442,peer-446,A
peer-443,peer-437,B
peer-443,peer-446,B
peer-444,peer-438,A
peer-444,peer-445,A
peer-445,peer-444,A
peer-445,peer-450,A
peer-445,peer-441,B
peer-445,peer-447,B
peer-446,peer-442,A
peer-446,peer-448,A
peer-446,peer-443,B
peer-446,peer-449,B
peer-447,peer-445,B
peer-447,peer-451,B
peer-448,peer-446,A
peer-448,peer-452,A
peer-449,peer-446,B
peer-449,peer-452,B
peer-450,peer-445,A
peer-450,peer-451,A
peer-451,peer-450,A
peer-451,peer-454,A
peer-451,peer-447,B
peer-451,peer-455,B
peer-452,peer-448,A
peer-452,peer-456,A
peer-452,peer-449,B
peer-452,peer-453,B
peer-453,peer-452,B
peer-453,peer-457,B
peer-454,peer-451,A
peer-454,peer-458,A
peer-455,peer-451,B
peer-455,peer-458,B
peer-456,peer-452,A
peer-456,peer-457,A
peer-457,peer-456,A
peer-457,peer-460,A
peer-457,peer-453,B
peer-457,peer-463,B
peer-458,peer-454,A
peer-458,peer-464,A
peer-458,peer-455,B
peer-458,peer-459,B
peer-459,peer-458,B
peer-459,peer-461,B
peer-460,peer-457,A
peer-460,peer-462,A
peer-461,peer-459,B
peer-461,peer-465,B
peer-462,peer-460,A
peer-462,peer-466,A
peer-463,peer-457,B
peer-463,peer-466,B
peer-464,peer-458,A
peer-464,peer-465,A
peer-465,peer-464,A
peer-465,peer-470,A
peer-465,peer-461,B
peer-465,peer-467,B
peer-466,peer-462,A
peer-466,peer-468,A
peer-466,peer-463,B
peer-466,peer-469,B
peer-467,peer-465,B
peer-467,peer-471,B
peer-468,peer-466,A
peer-468,peer-472,A
peer-469,peer-466,B
peer-469,peer-472,B
peer-470,peer-465,A
peer-470,peer-471,A
peer-471,peer-470,A
peer-471,peer-474,A
peer-471,peer-467,B
peer-471,peer-475,B
peer-472,peer-468,A
peer-472,peer-476,A
peer-472,peer-469,B
peer-472,peer-473,B
peer-473,peer-472,B
peer-473,peer-477,B
peer-474,peer-471,A
peer-474,peer-478,A
peer-475,peer-471,B
peer-475,peer-478,B
peer-476,peer-472,A
peer-476,peer-477,A
peer-477,peer-476,A
peer-477,peer-480,A
peer-477,peer-473,B
peer-477,peer-483,B
peer-478,peer-474,A
peer-478,peer-484,A
peer-478,peer-475,B
peer-478,peer-479,B
peer-479,peer-478,B
peer-479,peer-481,B
peer-480,peer-477,A
peer-480,peer-482,A
peer-481,peer-479,B
peer-481,peer-485,B
peer-482,peer-480,A
peer-482,peer-486,A
peer-483,peer-477,B
peer-483,peer-486,B
peer-484,peer-478,A
peer-484,peer-485,A
peer-485,peer-484,A
peer-485,peer-490,A
peer-485,peer-481,B
peer-485,peer-487,B
peer-486,peer-482,A
peer-486,peer-488,A
peer-486,peer-483,B
peer-486,peer-489,B
peer-487,peer-485,B
peer-487,peer-491,B
peer-488,peer-486,A
peer-488,peer-492,A
peer-489,peer-486,B
peer-489,peer-492,B
peer-490,peer-485,A
peer-490,peer-491,A
peer-491,peer-490,A
peer-491,peer-494,A
peer-491,peer-487,B
peer-491,peer-495,B
peer-492,peer-488,A
peer-492,peer-496,A
peer-492,peer-489,B
peer-492,peer-493,B
peer-493,peer-492,B
peer-493,peer-497,B
peer-494,peer-491,A
peer-494,peer-498,A
peer-495,peer-491,B
peer-495,peer-498,B
peer-496,peer-492,A
peer-496,peer-497,A
peer-497,peer-496,A
peer-497,peer-500,A
peer-497,peer-493,B
peer-497,peer-503,B
peer-498,peer-494,A
peer-498,peer-504,A
peer-498,peer-495,B
peer-498,peer-499,B
peer-499,peer-498,B
peer-499,peer-501,B
peer-500,peer-497,A
peer-500,peer-502,A
peer-501,peer-499,B
peer-501,peer-505,B
peer-502,peer-500,A
peer-502,peer-506,A
peer-503,peer-497,B
peer-503,peer-506,B
peer-504,peer-498,A
peer-504,peer-505,A
peer-505,peer-504,A
peer-505,peer-510,A
peer-505,peer-501,B
peer-505,peer-507,B
peer-506,peer-502,A
peer-506,peer-508,A
peer-506,peer-503,B
peer-506,peer-509,B
peer-507,peer-505,B
peer-507,peer-511,B
peer-508,peer-506,A
peer-509,peer-506,B
peer-510,peer-505,A
peer-510,peer-511,A
peer-511,peer-510,A
peer-511,peer-507,B
